feature,mi,lead,selected
lead_11_V6_morph_t_duration_mean,0.23888789077994993,lead11,True
lead_8_V3_morph_t_duration_mean,0.20748104265401435,lead8,True
lead_10_V5_morph_t_duration_mean,0.20313463999656678,lead10,True
lead_9_V4_morph_p_duration_mean,0.1850273183378393,lead9,True
lead_5_AVF_morph_t_duration_mean,0.17658919771242915,lead5,True
lead_7_V2_spec_dominant_frequency,0.17246275345891404,lead7,True
lead_0_I_morph_t_duration_mean,0.1676417876974418,lead0,True
lead_9_V4_spec_dominant_frequency,0.15704261726926894,lead9,True
lead_4_AVL_morph_t_duration_mean,0.15550737783102933,lead4,True
lead_6_V1_morph_t_duration_mean,0.15502523880046942,lead6,True
lead_7_V2_morph_t_duration_mean,0.14876664322094696,lead7,True
lead_9_V4_morph_t_duration_mean,0.14816496141884541,lead9,True
lead_1_II_morph_t_duration_mean,0.14153282628961414,lead1,True
lead_3_AVR_morph_t_duration_mean,0.1390360034903074,lead3,True
lead_2_III_morph_t_duration_mean,0.135249142633679,lead2,True
lead_5_AVF_spec_dominant_frequency,0.12836139279986197,lead5,True
lead_10_V5_morph_st_segment_mean,0.12528629593178975,lead10,True
lead_5_AVF_morph_p_duration_mean,0.12377675036170654,lead5,True
lead_3_AVR_stat_max,0.1210184307399369,lead3,True
lead_4_AVL_nonlin_fractal_dimension,0.11794253609400793,lead4,True
lead_9_V4_stat_skewness,0.11388350974121635,lead9,True
lead_4_AVL_tf_spectrogram_mean,0.11182625105070307,lead4,True
lead_8_V3_morph_p_duration_mean,0.10756277539352888,lead8,True
lead_10_V5_morph_qt_interval_mean,0.10676646687440683,lead10,True
lead_5_AVF_morph_t_amp_mean,0.1060674263323536,lead5,True
lead_10_V5_stat_skewness,0.10305192578506137,lead10,True
lead_0_I_morph_st_segment_mean,0.09836725702828245,lead0,True
lead_9_V4_stat_kurtosis,0.09538556632836141,lead9,True
lead_1_II_stat_skewness,0.09008858708504541,lead1,True
lead_11_V6_morph_st_segment_mean,0.09003273335744413,lead11,True
lead_8_V3_stat_skewness,0.08993132600414203,lead8,True
lead_2_III_morph_q_amp_mean,0.08682683926682735,lead2,True
lead_4_AVL_spec_dominant_frequency,0.08611587419407825,lead4,True
lead_9_V4_morph_t_slope_mean,0.08609852441449115,lead9,True
lead_2_III_morph_qrs_amp_mean,0.08533125957561535,lead2,True
lead_11_V6_nonlin_sd2,0.08232868893611514,lead11,True
lead_10_V5_stat_min,0.08171010550405908,lead10,True
lead_1_II_morph_qrs_amp_mean,0.08167317947648689,lead1,True
lead_2_III_spec_dominant_frequency,0.08145015926603483,lead2,True
lead_10_V5_tf_spectrogram_mean,0.0804808492805225,lead10,True
lead_3_AVR_stat_skewness,0.07978166973861875,lead3,True
lead_1_II_morph_p_duration_mean,0.07954781252472595,lead1,True
lead_4_AVL_spec_spectral_bandwidth,0.07936603974653048,lead4,True
lead_5_AVF_morph_p_amp_mean,0.0786839630442071,lead5,True
lead_3_AVR_morph_qt_interval_mean,0.07820887404192041,lead3,True
lead_7_V2_stat_kurtosis,0.07761068321207554,lead7,True
lead_11_V6_spec_dominant_frequency,0.07739685202050157,lead11,True
lead_11_V6_morph_p_duration_mean,0.07602895903784421,lead11,True
lead_5_AVF_stat_range,0.07597534089139897,lead5,True
lead_10_V5_morph_t_slope_mean,0.07548040592510982,lead10,True
lead_10_V5_stat_kurtosis,0.07488486626357212,lead10,True
lead_5_AVF_stat_peak_to_peak,0.07473136675853591,lead5,True
lead_3_AVR_stat_median,0.07440098624133276,lead3,True
lead_9_V4_morph_t_amp_mean,0.07360844616771281,lead9,True
lead_11_V6_temp_sdnn,0.0727055530285797,lead11,True
lead_4_AVL_spec_spectral_skewness,0.0724122404418663,lead4,True
lead_10_V5_temp_rr_median,0.07203347381300777,lead10,True
lead_3_AVR_nonlin_sd2,0.07193676422361231,lead3,True
lead_7_V2_spec_spectral_flux,0.07154527285809946,lead7,True
lead_7_V2_stat_skewness,0.07104945912405891,lead7,True
lead_11_V6_nonlin_sd1,0.07064380186273897,lead11,True
lead_7_V2_temp_rr_mean,0.0701049594301029,lead7,True
lead_3_AVR_temp_sdnn,0.06943834079892541,lead3,True
lead_6_V1_morph_p_duration_mean,0.06878531444210192,lead6,True
lead_11_V6_temp_beat_to_beat_var,0.0682665789394149,lead11,True
lead_5_AVF_temp_rmssd,0.06813598407501753,lead5,True
lead_1_II_temp_rr_median,0.06804692949313025,lead1,True
lead_10_V5_temp_hr_mean,0.06794745818082548,lead10,True
lead_3_AVR_spec_spectral_energy,0.06784709533988136,lead3,True
lead_4_AVL_stat_range,0.0677210289810016,lead4,True
lead_10_V5_morph_area_p_mean,0.06745010749529542,lead10,True
lead_0_I_spec_spectral_kurtosis,0.06697165568373271,lead0,True
lead_3_AVR_tf_spectrogram_mean,0.0669621224606336,lead3,True
lead_3_AVR_temp_beat_to_beat_var,0.06689759440596225,lead3,True
lead_9_V4_stat_median,0.0667974646324899,lead9,True
lead_3_AVR_temp_rr_mean,0.0667822886053008,lead3,True
lead_5_AVF_tf_tf_centroid_freq,0.0666137118848007,lead5,True
lead_5_AVF_nonlin_sd1,0.06646114040017399,lead5,True
lead_4_AVL_stat_peak_to_peak,0.0663792985866396,lead4,True
lead_3_AVR_spec_dominant_frequency,0.06626198570502,lead3,True
lead_1_II_temp_beat_to_beat_var,0.06605115628008237,lead1,True
lead_0_I_temp_beat_to_beat_var,0.06592301565034253,lead0,True
lead_11_V6_temp_hr_mean,0.065746671313372,lead11,True
lead_10_V5_morph_qrs_amp_mean,0.06573654241440226,lead10,True
lead_0_I_temp_rr_mean,0.06563870593997904,lead0,True
lead_3_AVR_temp_hr_mean,0.06531402988073057,lead3,True
lead_2_III_temp_rr_median,0.0650687274527415,lead2,True
lead_0_I_temp_hr_mean,0.06492027763190591,lead0,True
lead_0_I_spec_spectral_skewness,0.064780617745636,lead0,True
lead_8_V3_temp_rr_mean,0.0647447560895074,lead8,True
lead_4_AVL_temp_hr_mean,0.06453233922277639,lead4,True
lead_4_AVL_temp_rr_mean,0.0644392583608027,lead4,True
lead_8_V3_temp_rr_median,0.06436002380622438,lead8,True
lead_5_AVF_stat_skewness,0.06412554358793496,lead5,True
lead_11_V6_temp_rr_std,0.06403888636191304,lead11,True
lead_1_II_temp_rr_mean,0.06255446483613007,lead1,True
lead_10_V5_morph_q_amp_mean,0.062487332251094374,lead10,True
lead_5_AVF_temp_rr_median,0.06245615763356036,lead5,True
lead_9_V4_temp_num_peaks,0.062398897515717124,lead9,True
lead_4_AVL_nonlin_sd2,0.061805386844271795,lead4,True
lead_4_AVL_spec_spectral_energy,0.06172786590707182,lead4,True
lead_0_I_temp_rr_std,0.061665955440317076,lead0,True
lead_1_II_temp_hr_mean,0.06160707017377094,lead1,True
lead_6_V1_temp_rr_mean,0.061598141566081385,lead6,True
lead_8_V3_temp_sdnn,0.06156115492968435,lead8,True
lead_0_I_temp_sdnn,0.06154899637598961,lead0,True
lead_1_II_stat_min,0.061352754901781915,lead1,True
lead_1_II_morph_s_amp_mean,0.06127707016484325,lead1,True
lead_7_V2_temp_hr_mean,0.06127324136168126,lead7,True
lead_1_II_temp_sdnn,0.06111609883729563,lead1,True
lead_11_V6_morph_qt_interval_mean,0.06093536045575783,lead11,True
lead_1_II_tf_spectrogram_mean,0.06082674487826534,lead1,True
lead_4_AVL_stat_max,0.060793030469951416,lead4,True
lead_9_V4_morph_area_t_mean,0.060559186980646815,lead9,True
lead_3_AVR_temp_rr_std,0.060371674132258746,lead3,True
lead_11_V6_stat_min,0.06032032354707732,lead11,True
lead_6_V1_temp_hr_mean,0.06003930791495175,lead6,True
lead_6_V1_nonlin_sd1,0.059659851393132214,lead6,True
lead_11_V6_temp_rr_mean,0.059567663724009234,lead11,True
lead_9_V4_temp_rr_mean,0.05933386263513576,lead9,True
lead_6_V1_morph_qrs_amp_mean,0.059201347201338274,lead6,True
lead_5_AVF_tf_spectrogram_mean,0.05916561124631938,lead5,True
lead_10_V5_morph_p_duration_mean,0.059073537217016844,lead10,True
lead_9_V4_temp_hr_mean,0.05895984514973431,lead9,True
lead_0_I_morph_p_duration_mean,0.05892541221789034,lead0,True
lead_3_AVR_nonlin_sd1,0.05885622094689933,lead3,True
lead_10_V5_temp_rr_mean,0.05845352075479386,lead10,True
lead_7_V2_temp_rr_median,0.058328277774478465,lead7,True
lead_8_V3_temp_num_peaks,0.05831484615833484,lead8,True
lead_1_II_temp_num_peaks,0.05826703681657759,lead1,True
lead_5_AVF_morph_area_t_mean,0.05826542394511454,lead5,True
lead_3_AVR_temp_rmssd,0.05819051628119456,lead3,True
lead_3_AVR_morph_p_amp_mean,0.05802308618060892,lead3,True
lead_9_V4_stat_min,0.05795984168840489,lead9,True
lead_2_III_stat_min,0.05789005460022767,lead2,True
lead_4_AVL_spec_spectral_kurtosis,0.05774463325358341,lead4,True
lead_6_V1_temp_rr_median,0.057633799413333395,lead6,True
lead_11_V6_temp_rmssd,0.05743906812574719,lead11,True
lead_9_V4_temp_rr_median,0.05709167487120888,lead9,True
lead_8_V3_temp_hr_mean,0.056676891388519654,lead8,True
lead_8_V3_stat_median,0.056111077895681705,lead8,True
lead_10_V5_stat_iqr,0.05567668985061456,lead10,True
lead_5_AVF_morph_s_amp_mean,0.05560618120425844,lead5,True
lead_0_I_stat_min,0.05519802880245073,lead0,True
lead_0_I_tf_spectrogram_mean,0.054981937854321705,lead0,True
lead_11_V6_stat_iqr,0.05496488158435899,lead11,True
lead_0_I_tf_wavelet_energy,0.054691216683545776,lead0,True
lead_3_AVR_morph_area_qrs_mean,0.05467713436620958,lead3,True
lead_4_AVL_morph_pr_interval_mean,0.054490012267677114,lead4,True
lead_9_V4_morph_qrs_slope_mean,0.054460165995760826,lead9,True
lead_1_II_nonlin_sd2,0.054440657569533,lead1,True
lead_4_AVL_stat_std,0.054126306818328286,lead4,True
lead_1_II_spec_dominant_frequency,0.054020998354395375,lead1,True
lead_4_AVL_stat_min,0.05390290473533821,lead4,True
lead_0_I_temp_rr_median,0.05367095938870845,lead0,True
lead_4_AVL_nonlin_dfa_alpha,0.05343357783840803,lead4,True
lead_3_AVR_temp_rr_median,0.053335172114706175,lead3,True
lead_8_V3_temp_rr_std,0.05320210864637438,lead8,True
lead_4_AVL_stat_mad,0.05317613234644898,lead4,True
lead_0_I_nonlin_sd1,0.053153652400744766,lead0,True
lead_4_AVL_stat_rms,0.05309659578861727,lead4,True
lead_11_V6_temp_rr_median,0.053032199583663474,lead11,True
lead_5_AVF_morph_t_slope_mean,0.05296421135131264,lead5,True
lead_9_V4_tf_inst_freq_std,0.052799303123852746,lead9,True
lead_1_II_morph_p_amp_mean,0.05275198429018961,lead1,True
lead_8_V3_temp_rmssd,0.05271476657394229,lead8,True
lead_2_III_nonlin_sd1,0.05268431709571111,lead2,True
lead_5_AVF_temp_rr_std,0.052593129298849316,lead5,True
lead_2_III_nonlin_sd2,0.05228160223247789,lead2,True
lead_8_V3_morph_t_slope_mean,0.052094968901494454,lead8,True
lead_5_AVF_stat_min,0.052007719295174316,lead5,True
lead_0_I_temp_rmssd,0.052005802035076786,lead0,True
lead_1_II_temp_rr_std,0.05189847035610122,lead1,True
lead_1_II_morph_qrs_duration_mean,0.051550623516099806,lead1,True
lead_7_V2_nonlin_sd2,0.05154313161711814,lead7,True
lead_5_AVF_stat_std,0.05128297161833495,lead5,True
lead_3_AVR_morph_qrs_slope_mean,0.05117277995846616,lead3,True
lead_9_V4_temp_rr_std,0.051011178203122086,lead9,True
lead_8_V3_temp_beat_to_beat_var,0.05082247915264371,lead8,True
lead_5_AVF_temp_sdnn,0.05079683300255302,lead5,True
lead_0_I_morph_qrs_amp_mean,0.05075187554757075,lead0,True
lead_8_V3_nonlin_sd2,0.05031174973548138,lead8,True
lead_6_V1_temp_beat_to_beat_var,0.050220597261382526,lead6,True
lead_4_AVL_temp_num_peaks,0.050140676423250284,lead4,True
lead_9_V4_stat_iqr,0.05011521807473127,lead9,True
lead_5_AVF_nonlin_sd2,0.05001317640051099,lead5,True
lead_6_V1_temp_sdnn,0.0499811247696272,lead6,True
lead_6_V1_temp_rr_std,0.0499811247696272,lead6,True
lead_5_AVF_temp_beat_to_beat_var,0.049683249786564576,lead5,True
lead_7_V2_temp_sdnn,0.04957684891585159,lead7,True
lead_0_I_stat_signal_power,0.04952115700131774,lead0,True
lead_5_AVF_temp_rr_mean,0.04931141987671506,lead5,True
lead_7_V2_temp_beat_to_beat_var,0.04909302524492161,lead7,True
lead_5_AVF_stat_rms,0.04893276488463525,lead5,True
lead_4_AVL_stat_variance,0.04853481828259891,lead4,True
lead_9_V4_morph_s_amp_mean,0.04838663178536269,lead9,True
lead_1_II_nonlin_sd1,0.04834763267045013,lead1,True
lead_4_AVL_stat_signal_power,0.04834322284100341,lead4,True
lead_6_V1_temp_rmssd,0.0483109977776119,lead6,True
lead_6_V1_morph_p_amp_mean,0.048302837604527846,lead6,True
lead_4_AVL_temp_pnn50,0.048061445070330146,lead4,False
lead_4_AVL_stat_energy,0.048001342499123065,lead4,False
lead_0_I_stat_variance,0.04792054877804093,lead0,False
lead_3_AVR_tf_inst_freq_mean,0.04773591321755748,lead3,False
lead_3_AVR_morph_pr_interval_mean,0.047699095556071526,lead3,False
lead_5_AVF_temp_num_peaks,0.04760688775783821,lead5,False
lead_10_V5_temp_rr_std,0.04752419501245893,lead10,False
lead_5_AVF_stat_variance,0.04741173545191324,lead5,False
lead_9_V4_morph_p_amp_mean,0.047339754417757396,lead9,False
lead_7_V2_nonlin_sd1,0.04712308142526771,lead7,False
lead_2_III_stat_peak_to_peak,0.04710869941763516,lead2,False
lead_0_I_nonlin_sd2,0.047053471008817,lead0,False
lead_5_AVF_stat_signal_power,0.04701714628539424,lead5,False
lead_8_V3_nonlin_sd1,0.047010360153101116,lead8,False
lead_0_I_stat_energy,0.04696831147286238,lead0,False
lead_0_I_stat_rms,0.04695384235897584,lead0,False
lead_2_III_stat_range,0.04676631258635946,lead2,False
lead_5_AVF_temp_hr_mean,0.046729169294464426,lead5,False
lead_3_AVR_stat_iqr,0.04643261914493857,lead3,False
lead_3_AVR_morph_qrs_amp_mean,0.046405566331301884,lead3,False
lead_10_V5_temp_beat_to_beat_var,0.04626908570031818,lead10,False
lead_3_AVR_stat_range,0.04609680593894576,lead3,False
lead_6_V1_nonlin_sd2,0.04589402126908297,lead6,False
lead_11_V6_stat_mad,0.04575098137660292,lead11,False
lead_2_III_nonlin_fractal_dimension,0.04569774413901999,lead2,False
lead_4_AVL_tf_tf_energy,0.045695253484296,lead4,False
lead_5_AVF_stat_energy,0.04551321811479943,lead5,False
lead_11_V6_stat_skewness,0.045421912606374494,lead11,False
lead_3_AVR_stat_peak_to_peak,0.0453236202514153,lead3,False
lead_2_III_temp_rmssd,0.04532260033693545,lead2,False
lead_9_V4_tf_wavelet_energy,0.045173446466118115,lead9,False
lead_3_AVR_stat_mean,0.04499835528766227,lead3,False
lead_9_V4_temp_rmssd,0.0448465942005067,lead9,False
lead_2_III_morph_p_amp_mean,0.04472109411480583,lead2,False
lead_0_I_stat_std,0.04455416795930143,lead0,False
lead_9_V4_temp_beat_to_beat_var,0.04435645297609123,lead9,False
lead_3_AVR_temp_pnn50,0.04432167889232717,lead3,False
lead_4_AVL_morph_p_amp_mean,0.044247630871593537,lead4,False
lead_10_V5_temp_num_peaks,0.04400555777820823,lead10,False
lead_9_V4_stat_max,0.04399396630594876,lead9,False
lead_3_AVR_stat_rms,0.04394590283825841,lead3,False
lead_3_AVR_stat_std,0.043854399570284565,lead3,False
lead_9_V4_morph_area_qrs_mean,0.043847686584574455,lead9,False
lead_10_V5_temp_sdnn,0.043820491308755226,lead10,False
lead_3_AVR_morph_p_qrs_ratio,0.04380538079331795,lead3,False
lead_2_III_temp_rr_mean,0.043600009170297674,lead2,False
lead_1_II_stat_mad,0.04339660181054783,lead1,False
lead_10_V5_stat_median,0.04339320244920675,lead10,False
lead_7_V2_temp_rr_std,0.043368526176636356,lead7,False
lead_9_V4_nonlin_sd2,0.043160564206106186,lead9,False
lead_3_AVR_morph_q_amp_mean,0.04303563155496053,lead3,False
lead_4_AVL_morph_area_qrs_mean,0.04300938530523042,lead4,False
lead_4_AVL_stat_skewness,0.042908232015810885,lead4,False
lead_3_AVR_morph_qrs_duration_mean,0.042829481059606246,lead3,False
lead_1_II_morph_t_slope_mean,0.04272398832884976,lead1,False
lead_4_AVL_temp_beat_to_beat_var,0.04255415289943585,lead4,False
lead_10_V5_tf_inst_freq_mean,0.04242242251188544,lead10,False
lead_10_V5_nonlin_sd2,0.04234889291171371,lead10,False
lead_9_V4_temp_sdnn,0.042315526029209,lead9,False
lead_1_II_stat_kurtosis,0.04191710207183512,lead1,False
lead_4_AVL_tf_wavelet_energy,0.04189998136715638,lead4,False
lead_3_AVR_morph_r_peak_amp_mean,0.0418774995539057,lead3,False
lead_0_I_stat_max,0.04171744470310155,lead0,False
lead_2_III_morph_t_slope_mean,0.04169959499296736,lead2,False
lead_4_AVL_temp_rr_median,0.041377675511326026,lead4,False
lead_3_AVR_stat_mad,0.041134763033992904,lead3,False
lead_10_V5_temp_rmssd,0.04104832907503684,lead10,False
lead_10_V5_morph_p_amp_mean,0.04081776720133028,lead10,False
lead_11_V6_temp_pnn50,0.040672542735723294,lead11,False
lead_0_I_temp_num_peaks,0.040644152395444964,lead0,False
lead_4_AVL_tf_spectrogram_std,0.0406357790997419,lead4,False
lead_3_AVR_temp_num_peaks,0.040573456518846605,lead3,False
lead_2_III_morph_r_peak_amp_mean,0.04056429936707371,lead2,False
lead_0_I_nonlin_fractal_dimension,0.040552472729793676,lead0,False
lead_2_III_temp_hr_mean,0.04051247552136048,lead2,False
lead_6_V1_morph_qt_interval_mean,0.04040248125687942,lead6,False
lead_1_II_morph_area_t_mean,0.040319594799131366,lead1,False
lead_3_AVR_stat_energy,0.04020414553977205,lead3,False
lead_11_V6_morph_area_p_mean,0.04013353753088644,lead11,False
lead_4_AVL_temp_sdnn,0.040051407907802,lead4,False
lead_4_AVL_temp_rr_std,0.04005140790780195,lead4,False
lead_3_AVR_stat_signal_power,0.040032582196371,lead3,False
lead_5_AVF_stat_iqr,0.03995374625004868,lead5,False
lead_11_V6_temp_num_peaks,0.03986750891818969,lead11,False
lead_10_V5_morph_t_amp_mean,0.039736533335306315,lead10,False
lead_2_III_spec_spectral_kurtosis,0.03959020110973906,lead2,False
lead_3_AVR_stat_variance,0.03931191388397446,lead3,False
lead_10_V5_morph_p_qrs_ratio,0.03919964314728279,lead10,False
lead_3_AVR_morph_s_amp_mean,0.03904355414223195,lead3,False
lead_6_V1_spec_spectral_kurtosis,0.03890190461740621,lead6,False
lead_1_II_stat_median,0.03887642136856138,lead1,False
lead_6_V1_morph_st_segment_mean,0.038871228148198746,lead6,False
lead_9_V4_spec_spectral_energy,0.03883031971957829,lead9,False
lead_1_II_temp_pnn50,0.03880781625444907,lead1,False
lead_4_AVL_spec_spectral_flux,0.038765209267771626,lead4,False
lead_6_V1_stat_peak_to_peak,0.03869989257598912,lead6,False
lead_8_V3_morph_t_amp_mean,0.03859422704506214,lead8,False
lead_2_III_morph_p_qrs_ratio,0.03853422805915039,lead2,False
lead_10_V5_spec_spectral_entropy,0.038491173470724636,lead10,False
lead_8_V3_spec_spectral_flux,0.03848031503092839,lead8,False
lead_0_I_spec_spectral_energy,0.03846573490681422,lead0,False
lead_7_V2_morph_s_amp_mean,0.038312801300197166,lead7,False
lead_10_V5_nonlin_sd1,0.03828138305809072,lead10,False
lead_4_AVL_nonlin_sd1,0.03825288676445906,lead4,False
lead_1_II_temp_rmssd,0.03803051188274109,lead1,False
lead_0_I_morph_p_amp_mean,0.03788484575535733,lead0,False
lead_4_AVL_stat_iqr,0.037770984981541036,lead4,False
lead_5_AVF_spec_spectral_skewness,0.037767537301872656,lead5,False
lead_5_AVF_spec_spectral_kurtosis,0.037724290171497275,lead5,False
lead_0_I_spec_spectral_flux,0.03769916875065329,lead0,False
lead_2_III_temp_pnn50,0.037593636601811475,lead2,False
lead_7_V2_temp_num_peaks,0.03744783724096958,lead7,False
lead_7_V2_morph_t_slope_mean,0.037441621539129645,lead7,False
lead_11_V6_tf_spectrogram_mean,0.03742156098641236,lead11,False
lead_2_III_tf_wavelet_energy,0.03726584959178107,lead2,False
lead_7_V2_tf_wavelet_entropy,0.037122303365372165,lead7,False
lead_7_V2_stat_min,0.03704327201790316,lead7,False
lead_8_V3_morph_s_amp_mean,0.03690207628089422,lead8,False
lead_0_I_temp_pnn50,0.03683425972741956,lead0,False
lead_7_V2_tf_spectrogram_entropy,0.036749382649374954,lead7,False
lead_0_I_tf_tf_centroid_freq,0.036727358956747835,lead0,False
lead_11_V6_morph_p_amp_mean,0.03660977351774732,lead11,False
lead_2_III_temp_rr_std,0.03653938498262228,lead2,False
lead_9_V4_morph_pr_interval_mean,0.03646021434121836,lead9,False
lead_3_AVR_stat_kurtosis,0.03639992857912304,lead3,False
lead_9_V4_morph_qrs_amp_mean,0.036274093183815026,lead9,False
lead_2_III_tf_spectrogram_mean,0.03606140785171537,lead2,False
lead_6_V1_tf_inst_freq_std,0.03601164743962719,lead6,False
lead_6_V1_stat_range,0.035996188872285326,lead6,False
lead_0_I_stat_mad,0.035990945739363366,lead0,False
lead_4_AVL_stat_kurtosis,0.03588107207557991,lead4,False
lead_5_AVF_morph_area_p_mean,0.035705662991889264,lead5,False
lead_4_AVL_temp_rmssd,0.03562941362182279,lead4,False
lead_7_V2_temp_rmssd,0.03560411435157764,lead7,False
lead_6_V1_temp_num_peaks,0.035162619399574525,lead6,False
lead_4_AVL_morph_q_amp_mean,0.035073327006460354,lead4,False
lead_10_V5_stat_max,0.03502158891089095,lead10,False
lead_5_AVF_morph_qt_interval_mean,0.03496838317543216,lead5,False
lead_9_V4_spec_spectral_flux,0.03479999170565877,lead9,False
lead_9_V4_morph_p_qrs_ratio,0.03410752415926965,lead9,False
lead_11_V6_stat_kurtosis,0.03399475449801166,lead11,False
lead_5_AVF_stat_kurtosis,0.0339676849228745,lead5,False
lead_8_V3_tf_wavelet_energy,0.033900012563962044,lead8,False
lead_1_II_morph_st_segment_mean,0.033829405529737275,lead1,False
lead_3_AVR_spec_spectral_bandwidth,0.03377797599180301,lead3,False
lead_3_AVR_morph_area_p_mean,0.0337221007346117,lead3,False
lead_5_AVF_spec_spectral_entropy,0.0336520981410449,lead5,False
lead_11_V6_morph_q_amp_mean,0.0336076862869729,lead11,False
lead_4_AVL_morph_s_amp_mean,0.03360620420362399,lead4,False
lead_9_V4_morph_st_segment_mean,0.03340069252757916,lead9,False
lead_2_III_temp_sdnn,0.03305694150017875,lead2,False
lead_3_AVR_morph_st_segment_mean,0.033021124518667656,lead3,False
lead_9_V4_nonlin_sd1,0.03301971438575282,lead9,False
lead_2_III_temp_num_peaks,0.03297229833665769,lead2,False
lead_3_AVR_tf_wavelet_energy,0.032574387207399844,lead3,False
lead_2_III_temp_beat_to_beat_var,0.03250817493904212,lead2,False
lead_1_II_stat_std,0.03249637852058709,lead1,False
lead_9_V4_spec_spectral_centroid,0.03248521098276351,lead9,False
lead_10_V5_stat_mad,0.032442272109416546,lead10,False
lead_2_III_spec_spectral_rolloff,0.032435912100330144,lead2,False
lead_3_AVR_tf_tf_energy,0.03243179275452701,lead3,False
lead_8_V3_temp_zero_crossing_rate,0.03236513747928562,lead8,False
lead_1_II_stat_rms,0.03228490112823117,lead1,False
lead_7_V2_stat_signal_power,0.032190902622743024,lead7,False
lead_10_V5_tf_inst_freq_std,0.031988280729560836,lead10,False
lead_9_V4_tf_tf_energy,0.03186972158603178,lead9,False
lead_9_V4_tf_wavelet_entropy,0.03183529382745052,lead9,False
lead_1_II_tf_spectrogram_std,0.03167573684875533,lead1,False
lead_7_V2_tf_spectrogram_mean,0.031612924074251356,lead7,False
lead_7_V2_stat_variance,0.0315071419389823,lead7,False
lead_7_V2_stat_energy,0.0315071419389823,lead7,False
lead_4_AVL_morph_area_p_mean,0.031504181220218454,lead4,False
lead_3_AVR_morph_p_duration_mean,0.03146413888726949,lead3,False
lead_6_V1_temp_pnn50,0.031390153012157015,lead6,False
lead_10_V5_morph_qrs_duration_mean,0.03124694360669831,lead10,False
lead_1_II_stat_signal_power,0.031102611303948802,lead1,False
lead_8_V3_tf_spectrogram_mean,0.031076921763517305,lead8,False
lead_6_V1_spec_spectral_skewness,0.03106980038877425,lead6,False
lead_7_V2_stat_median,0.03105019790457262,lead7,False
lead_7_V2_stat_rms,0.030759146639262804,lead7,False
lead_10_V5_morph_s_amp_mean,0.0306815418642044,lead10,False
lead_8_V3_morph_qt_interval_mean,0.03063008567640597,lead8,False
lead_7_V2_stat_std,0.030624466504582726,lead7,False
lead_8_V3_spec_spectral_centroid,0.030566946461215626,lead8,False
lead_6_V1_stat_skewness,0.030477576737219403,lead6,False
lead_2_III_morph_s_amp_mean,0.03022142953458955,lead2,False
lead_10_V5_spec_spectral_flux,0.030155143312057174,lead10,False
lead_0_I_morph_qt_interval_mean,0.03000265183100619,lead0,False
lead_0_I_stat_peak_to_peak,0.02999170875453081,lead0,False
lead_1_II_stat_iqr,0.029917046541586733,lead1,False
lead_11_V6_tf_tf_energy,0.02988211557324174,lead11,False
lead_2_III_spec_spectral_skewness,0.02985150127842635,lead2,False
lead_1_II_stat_energy,0.02962509100289914,lead1,False
lead_11_V6_nonlin_dfa_alpha,0.029536646788859942,lead11,False
lead_2_III_spec_spectral_bandwidth,0.02947039176392876,lead2,False
lead_5_AVF_stat_mad,0.029451334774134263,lead5,False
lead_5_AVF_morph_st_segment_mean,0.02929940244262972,lead5,False
lead_1_II_stat_variance,0.029206925609123947,lead1,False
lead_2_III_stat_iqr,0.029102799122958833,lead2,False
lead_7_V2_tf_inst_freq_mean,0.02906661750831545,lead7,False
lead_3_AVR_spec_spectral_kurtosis,0.028948217666360555,lead3,False
lead_0_I_morph_q_amp_mean,0.028828170424710687,lead0,False
lead_5_AVF_morph_qrs_amp_mean,0.028671406806305734,lead5,False
lead_0_I_tf_spectrogram_std,0.02846428648398658,lead0,False
lead_8_V3_spec_spectral_kurtosis,0.028425762769088748,lead8,False
lead_2_III_tf_tf_centroid_time,0.028404700406434148,lead2,False
lead_7_V2_morph_p_duration_mean,0.02839729413598948,lead7,False
lead_1_II_tf_tf_energy,0.028360274991497826,lead1,False
lead_0_I_morph_area_qrs_mean,0.02826596253500595,lead0,False
lead_4_AVL_morph_qrs_amp_mean,0.028240825315750007,lead4,False
lead_8_V3_spec_dominant_frequency,0.02821254033223981,lead8,False
lead_1_II_morph_r_peak_amp_mean,0.02809184937864271,lead1,False
lead_4_AVL_morph_p_duration_mean,0.02784384138153926,lead4,False
lead_11_V6_spec_spectral_rolloff,0.027656553395248706,lead11,False
lead_4_AVL_tf_tf_centroid_time,0.027640342020835717,lead4,False
lead_11_V6_stat_variance,0.02758671588617556,lead11,False
lead_6_V1_spec_dominant_frequency,0.027523501736796074,lead6,False
lead_11_V6_stat_signal_power,0.027512941403907653,lead11,False
lead_1_II_stat_range,0.027464518333321086,lead1,False
lead_5_AVF_temp_pnn50,0.027410354808896576,lead5,False
lead_1_II_morph_t_amp_mean,0.027309256105629266,lead1,False
lead_0_I_stat_range,0.027306459044890864,lead0,False
lead_3_AVR_nonlin_fractal_dimension,0.027291851306229596,lead3,False
lead_8_V3_morph_area_qrs_mean,0.027155003650162657,lead8,False
lead_5_AVF_morph_qrs_slope_mean,0.026873148911318267,lead5,False
lead_10_V5_stat_variance,0.026799440241959037,lead10,False
lead_10_V5_stat_energy,0.02679944024195897,lead10,False
lead_10_V5_stat_signal_power,0.02679944024195897,lead10,False
lead_1_II_morph_area_p_mean,0.02677591179547334,lead1,False
lead_11_V6_stat_energy,0.02676414913337628,lead11,False
lead_1_II_tf_inst_freq_std,0.026665631312772487,lead1,False
lead_11_V6_stat_std,0.026573031388998025,lead11,False
lead_7_V2_tf_spectrogram_std,0.026440096922951906,lead7,False
lead_11_V6_stat_peak_to_peak,0.02641053640177553,lead11,False
lead_10_V5_tf_tf_energy,0.026368804538083258,lead10,False
lead_2_III_tf_spectrogram_std,0.026331785947938523,lead2,False
lead_1_II_stat_peak_to_peak,0.026328520675584333,lead1,False
lead_11_V6_stat_range,0.026313432856396136,lead11,False
lead_3_AVR_spec_spectral_flux,0.026265353408813398,lead3,False
lead_0_I_tf_tf_energy,0.0261434538389961,lead0,False
lead_6_V1_stat_min,0.026057469166632298,lead6,False
lead_10_V5_morph_qrs_slope_mean,0.026049857417786492,lead10,False
lead_11_V6_stat_rms,0.025969607035573626,lead11,False
lead_1_II_stat_mean,0.025964130834318987,lead1,False
lead_6_V1_tf_spectrogram_mean,0.025888185350281433,lead6,False
lead_7_V2_morph_area_qrs_mean,0.025745227251532343,lead7,False
lead_10_V5_temp_pnn50,0.025609612780834602,lead10,False
lead_7_V2_morph_pr_interval_mean,0.02552797357035419,lead7,False
lead_9_V4_tf_spectrogram_mean,0.025442837063385813,lead9,False
lead_4_AVL_stat_mean,0.025403978223462697,lead4,False
lead_6_V1_morph_t_slope_mean,0.025067058503060523,lead6,False
lead_6_V1_morph_q_amp_mean,0.02504477899545048,lead6,False
lead_6_V1_morph_area_t_mean,0.024921938983796733,lead6,False
lead_2_III_stat_rms,0.02486881388861435,lead2,False
lead_2_III_morph_area_t_mean,0.024738740180015827,lead2,False
lead_6_V1_morph_s_amp_mean,0.024585481832601362,lead6,False
lead_10_V5_stat_std,0.024453084091007236,lead10,False
lead_3_AVR_tf_spectrogram_std,0.024299101534113854,lead3,False
lead_10_V5_stat_rms,0.024230861868785026,lead10,False
lead_9_V4_stat_mad,0.0241588495786208,lead9,False
lead_3_AVR_morph_area_t_mean,0.02388652103057811,lead3,False
lead_2_III_stat_std,0.023780459759083782,lead2,False
lead_5_AVF_tf_wavelet_energy,0.023639663875078785,lead5,False
lead_4_AVL_morph_qrs_slope_mean,0.02348620987913641,lead4,False
lead_0_I_tf_tf_centroid_time,0.023481889703257375,lead0,False
lead_9_V4_morph_area_p_mean,0.022849029274412257,lead9,False
lead_7_V2_tf_tf_centroid_time,0.022824722087792626,lead7,False
lead_7_V2_morph_area_p_mean,0.02280418361295049,lead7,False
lead_11_V6_spec_spectral_skewness,0.022594528902496736,lead11,False
lead_9_V4_tf_spectrogram_std,0.02259359457571799,lead9,False
lead_0_I_spec_spectral_centroid,0.022418415762977383,lead0,False
lead_2_III_morph_pr_interval_mean,0.022302588430692792,lead2,False
lead_10_V5_nonlin_fractal_dimension,0.022296233733114824,lead10,False
lead_1_II_tf_wavelet_energy,0.022203892060724862,lead1,False
lead_6_V1_morph_area_p_mean,0.02206080710259619,lead6,False
lead_10_V5_spec_spectral_kurtosis,0.021996409792431403,lead10,False
lead_0_I_stat_mean,0.02199556614272442,lead0,False
lead_9_V4_tf_spectrogram_entropy,0.021960884306641358,lead9,False
lead_3_AVR_spec_spectral_entropy,0.021667620585611003,lead3,False
lead_11_V6_morph_s_amp_mean,0.021639790179892992,lead11,False
lead_8_V3_stat_std,0.021598821419967294,lead8,False
lead_8_V3_morph_qrs_amp_mean,0.02129913646354411,lead8,False
lead_11_V6_stat_max,0.021265540326974454,lead11,False
lead_4_AVL_morph_area_t_mean,0.021200988652197505,lead4,False
lead_8_V3_morph_r_peak_amp_mean,0.021193459587313734,lead8,False
lead_11_V6_tf_wavelet_energy,0.021175245164209898,lead11,False
lead_0_I_morph_s_amp_mean,0.021147209143877,lead0,False
lead_0_I_tf_spectrogram_entropy,0.020872490065693184,lead0,False
lead_2_III_tf_tf_energy,0.020850314547667816,lead2,False
lead_8_V3_stat_rms,0.02067457899572487,lead8,False
lead_3_AVR_morph_t_amp_mean,0.020611416835761353,lead3,False
lead_7_V2_spec_spectral_energy,0.020453400053731752,lead7,False
lead_0_I_morph_area_p_mean,0.020203580084311314,lead0,False
lead_4_AVL_morph_t_amp_mean,0.020125280858982818,lead4,False
lead_11_V6_stat_mean,0.02010027031864676,lead11,False
lead_5_AVF_morph_p_qrs_ratio,0.020073957204184634,lead5,False
lead_2_III_stat_energy,0.02004409723938654,lead2,False
lead_11_V6_morph_qrs_amp_mean,0.019989447188507325,lead11,False
lead_6_V1_morph_p_qrs_ratio,0.019938418955567673,lead6,False
lead_2_III_stat_signal_power,0.019912222940845624,lead2,False
lead_2_III_stat_variance,0.01963045097279905,lead2,False
lead_8_V3_spec_spectral_skewness,0.019628787654681325,lead8,False
lead_2_III_stat_mad,0.019547562993693292,lead2,False
lead_6_V1_spec_spectral_flux,0.019524924725077542,lead6,False
lead_2_III_morph_area_p_mean,0.01948435810517619,lead2,False
lead_10_V5_spec_spectral_energy,0.01926393333772094,lead10,False
lead_9_V4_morph_r_peak_amp_mean,0.01917348433252166,lead9,False
lead_7_V2_morph_r_peak_amp_mean,0.01915863740701962,lead7,False
lead_0_I_morph_t_amp_mean,0.018998443255000507,lead0,False
lead_7_V2_spec_spectral_rolloff,0.018888295124322153,lead7,False
lead_10_V5_morph_r_peak_amp_mean,0.01879225977407235,lead10,False
lead_7_V2_morph_qrs_slope_mean,0.018743956459763567,lead7,False
lead_8_V3_morph_area_t_mean,0.01871878689427131,lead8,False
lead_8_V3_nonlin_dfa_alpha,0.01867919425686595,lead8,False
lead_9_V4_stat_signal_power,0.01865330716632303,lead9,False
lead_10_V5_stat_mean,0.01852248865240047,lead10,False
lead_11_V6_tf_spectrogram_std,0.018374819157691968,lead11,False
lead_8_V3_stat_variance,0.018352899966651348,lead8,False
lead_9_V4_stat_energy,0.018249266762282623,lead9,False
lead_3_AVR_spec_spectral_centroid,0.018243877811065446,lead3,False
lead_8_V3_stat_energy,0.018206379820131246,lead8,False
lead_1_II_tf_spectrogram_entropy,0.018202345727195056,lead1,False
lead_0_I_spec_spectral_rolloff,0.018188170081582643,lead0,False
lead_8_V3_morph_st_segment_mean,0.018071853580671336,lead8,False
lead_8_V3_stat_min,0.018054052275924447,lead8,False
lead_2_III_tf_inst_freq_mean,0.018020348629362103,lead2,False
lead_2_III_stat_max,0.018020249724422975,lead2,False
lead_5_AVF_tf_tf_energy,0.017925208746826904,lead5,False
lead_8_V3_stat_signal_power,0.01791008352383492,lead8,False
lead_11_V6_morph_t_amp_mean,0.01776124569286992,lead11,False
lead_11_V6_tf_wavelet_entropy,0.017729957658572548,lead11,False
lead_9_V4_tf_tf_centroid_freq,0.017613233915114535,lead9,False
lead_4_AVL_spec_spectral_rolloff,0.017587329207884483,lead4,False
lead_2_III_stat_cv,0.017488159050946007,lead2,False
lead_9_V4_morph_qrs_duration_mean,0.017360169744116406,lead9,False
lead_10_V5_spec_dominant_frequency,0.017230569040770492,lead10,False
lead_9_V4_stat_rms,0.017197826127317996,lead9,False
lead_8_V3_tf_spectrogram_entropy,0.017185803697168822,lead8,False
lead_10_V5_tf_spectrogram_std,0.017183004435425798,lead10,False
lead_5_AVF_spec_spectral_flux,0.017103283626053577,lead5,False
lead_6_V1_morph_r_peak_amp_mean,0.01686435414957783,lead6,False
lead_0_I_morph_qrs_duration_mean,0.01676013922745878,lead0,False
lead_9_V4_stat_std,0.0167134956429875,lead9,False
lead_3_AVR_morph_t_slope_mean,0.01665324452597452,lead3,False
lead_11_V6_spec_spectral_centroid,0.0166013919570815,lead11,False
lead_2_III_stat_skewness,0.01656899916163721,lead2,False
lead_7_V2_temp_zero_crossing_rate,0.01653580232249898,lead7,False
lead_10_V5_tf_tf_centroid_freq,0.016429188109841664,lead10,False
lead_1_II_stat_max,0.016428756588411718,lead1,False
lead_7_V2_spec_spectral_kurtosis,0.01633129717144586,lead7,False
lead_0_I_morph_pr_interval_mean,0.01620963466299803,lead0,False
lead_7_V2_tf_wavelet_energy,0.016170705247116814,lead7,False
lead_1_II_morph_qt_interval_mean,0.016060162895197204,lead1,False
lead_2_III_tf_spectrogram_entropy,0.016036946152044963,lead2,False
lead_7_V2_stat_peak_to_peak,0.01586544897310156,lead7,False
lead_1_II_spec_spectral_flux,0.015749752114777183,lead1,False
lead_10_V5_stat_peak_to_peak,0.015706552022530084,lead10,False
lead_3_AVR_spec_spectral_rolloff,0.015656709623377375,lead3,False
lead_11_V6_stat_median,0.015532621622831356,lead11,False
lead_5_AVF_nonlin_dfa_alpha,0.015487192463173826,lead5,False
lead_10_V5_stat_range,0.015410683282216864,lead10,False
lead_7_V2_spec_spectral_entropy,0.015198522236755618,lead7,False
lead_11_V6_morph_area_t_mean,0.015131654975150344,lead11,False
lead_2_III_morph_qrs_duration_mean,0.015078266602396395,lead2,False
lead_0_I_morph_t_slope_mean,0.015028388530199877,lead0,False
lead_11_V6_morph_area_qrs_mean,0.014865191541398603,lead11,False
lead_11_V6_spec_spectral_energy,0.014842534786491246,lead11,False
lead_9_V4_stat_variance,0.01480197331498918,lead9,False
lead_7_V2_stat_range,0.014729646503965776,lead7,False
lead_7_V2_morph_t_amp_mean,0.014714074423279256,lead7,False
lead_10_V5_nonlin_dfa_alpha,0.014642538498878598,lead10,False
lead_6_V1_tf_spectrogram_std,0.014321790063941187,lead6,False
lead_7_V2_tf_tf_energy,0.014291441273150296,lead7,False
lead_5_AVF_stat_mean,0.014261368454697854,lead5,False
lead_4_AVL_tf_spectrogram_entropy,0.014247687989444558,lead4,False
lead_5_AVF_tf_inst_freq_std,0.014240544244196806,lead5,False
lead_4_AVL_stat_median,0.014107556208105531,lead4,False
lead_5_AVF_tf_spectrogram_std,0.013970679978572643,lead5,False
lead_9_V4_spec_spectral_rolloff,0.01395846181905398,lead9,False
lead_11_V6_spec_spectral_kurtosis,0.01392616274144709,lead11,False
lead_7_V2_morph_p_amp_mean,0.013861192009406853,lead7,False
lead_4_AVL_tf_tf_centroid_freq,0.013603448138046925,lead4,False
lead_6_V1_tf_tf_centroid_freq,0.013514245673793246,lead6,False
lead_8_V3_tf_tf_centroid_time,0.013497437800068113,lead8,False
lead_0_I_morph_p_qrs_ratio,0.01346564872701963,lead0,False
lead_1_II_morph_q_amp_mean,0.013457423638434562,lead1,False
lead_5_AVF_morph_qrs_duration_mean,0.013335505100598688,lead5,False
lead_5_AVF_spec_spectral_energy,0.013257921366674497,lead5,False
lead_0_I_stat_iqr,0.013090062428555083,lead0,False
lead_1_II_morph_qrs_slope_mean,0.013056254247502164,lead1,False
lead_8_V3_spec_spectral_energy,0.013052020994224067,lead8,False
lead_6_V1_stat_median,0.013008815825828446,lead6,False
lead_8_V3_spec_spectral_entropy,0.012959345495713093,lead8,False
lead_2_III_spec_spectral_energy,0.012955929111047437,lead2,False
lead_6_V1_morph_area_qrs_mean,0.012843559701457341,lead6,False
lead_11_V6_tf_inst_freq_mean,0.012799343637198923,lead11,False
lead_0_I_spec_spectral_bandwidth,0.012696156234431521,lead0,False
lead_10_V5_morph_pr_interval_mean,0.012667494196578134,lead10,False
lead_9_V4_tf_inst_freq_mean,0.0126014528942902,lead9,False
lead_3_AVR_spec_spectral_skewness,0.012555562306044266,lead3,False
lead_6_V1_stat_rms,0.012392784335581863,lead6,False
lead_0_I_stat_cv,0.012211094490677032,lead0,False
lead_6_V1_stat_std,0.012210542123354618,lead6,False
lead_0_I_stat_skewness,0.012185959908243005,lead0,False
lead_7_V2_nonlin_fractal_dimension,0.01214559959792214,lead7,False
lead_9_V4_temp_pnn50,0.01190272883751704,lead9,False
lead_6_V1_stat_mean,0.011834358362639108,lead6,False
lead_5_AVF_morph_area_qrs_mean,0.011824390234575866,lead5,False
lead_8_V3_temp_pnn50,0.011816904167260977,lead8,False
lead_3_AVR_tf_tf_centroid_freq,0.011769968238927443,lead3,False
lead_0_I_stat_median,0.011739341672618054,lead0,False
lead_7_V2_tf_tf_centroid_freq,0.011714345756315182,lead7,False
lead_6_V1_nonlin_dfa_alpha,0.011666139824994115,lead6,False
lead_8_V3_tf_inst_freq_std,0.011621994691401304,lead8,False
lead_6_V1_spec_spectral_centroid,0.011571632618454685,lead6,False
lead_6_V1_tf_wavelet_entropy,0.011485742190015236,lead6,False
lead_7_V2_stat_mad,0.011424544801607928,lead7,False
lead_9_V4_spec_spectral_kurtosis,0.011302361834156515,lead9,False
lead_3_AVR_tf_spectrogram_entropy,0.011302262827682607,lead3,False
lead_3_AVR_tf_inst_freq_std,0.011273766809680685,lead3,False
lead_11_V6_tf_tf_centroid_time,0.01125841484078216,lead11,False
lead_0_I_spec_dominant_frequency,0.011217273779939151,lead0,False
lead_1_II_spec_spectral_entropy,0.011212108950804245,lead1,False
lead_5_AVF_morph_q_amp_mean,0.011136043473099466,lead5,False
lead_1_II_nonlin_dfa_alpha,0.010898947885605813,lead1,False
lead_5_AVF_tf_spectrogram_entropy,0.010891521926018388,lead5,False
lead_0_I_morph_area_t_mean,0.0108766737785154,lead0,False
lead_7_V2_temp_pnn50,0.010867837507754663,lead7,False
lead_6_V1_stat_iqr,0.010827911764405007,lead6,False
lead_6_V1_stat_kurtosis,0.010815899095871462,lead6,False
lead_4_AVL_morph_qrs_duration_mean,0.010733153618655455,lead4,False
lead_11_V6_stat_cv,0.010696043831007395,lead11,False
lead_0_I_tf_inst_freq_mean,0.010688558429939076,lead0,False
lead_1_II_tf_tf_centroid_time,0.010617786823341335,lead1,False
lead_9_V4_stat_cv,0.010610927264846826,lead9,False
lead_2_III_morph_qt_interval_mean,0.0105488298958893,lead2,False
lead_4_AVL_temp_zero_crossing_rate,0.010480668018943273,lead4,False
lead_7_V2_spec_spectral_centroid,0.010449428112574433,lead7,False
lead_2_III_morph_qrs_slope_mean,0.010210413024778564,lead2,False
lead_10_V5_stat_cv,0.010135433616996047,lead10,False
lead_1_II_morph_area_qrs_mean,0.010122502590480354,lead1,False
lead_2_III_stat_median,0.010041667106235285,lead2,False
lead_8_V3_spec_spectral_rolloff,0.009973477670377307,lead8,False
lead_9_V4_morph_qt_interval_mean,0.00996320523563612,lead9,False
lead_2_III_tf_inst_freq_std,0.00988273408951006,lead2,False
lead_9_V4_stat_mean,0.009878368892483991,lead9,False
lead_5_AVF_tf_tf_centroid_time,0.009861433323127588,lead5,False
lead_2_III_spec_spectral_entropy,0.009750851348693556,lead2,False
lead_4_AVL_stat_cv,0.00967240735331858,lead4,False
lead_1_II_morph_pr_interval_mean,0.00962559641380296,lead1,False
lead_6_V1_tf_tf_energy,0.009623668605281521,lead6,False
lead_2_III_temp_zero_crossing_rate,0.009340118259370467,lead2,False
lead_10_V5_tf_tf_centroid_time,0.009237672596849355,lead10,False
lead_8_V3_stat_iqr,0.009229188891788276,lead8,False
lead_6_V1_stat_cv,0.009129204071939378,lead6,False
lead_6_V1_stat_energy,0.00909038876320536,lead6,False
lead_2_III_tf_tf_centroid_freq,0.009088528444875755,lead2,False
lead_6_V1_stat_signal_power,0.009068783824933702,lead6,False
lead_3_AVR_nonlin_dfa_alpha,0.009062505948249555,lead3,False
lead_5_AVF_tf_inst_freq_mean,0.009009329920278563,lead5,False
lead_4_AVL_tf_inst_freq_std,0.008944081646440694,lead4,False
lead_6_V1_stat_variance,0.008929894936044836,lead6,False
lead_1_II_spec_spectral_energy,0.008879221659635261,lead1,False
lead_0_I_temp_zero_crossing_rate,0.008808281163270815,lead0,False
lead_7_V2_spec_spectral_skewness,0.008795583176206411,lead7,False
lead_5_AVF_stat_max,0.008755942671879912,lead5,False
lead_10_V5_spec_spectral_centroid,0.00867850674467845,lead10,False
lead_8_V3_stat_kurtosis,0.008658907612270905,lead8,False
lead_6_V1_stat_max,0.008547044406739345,lead6,False
lead_10_V5_temp_zero_crossing_rate,0.008509938276491491,lead10,False
lead_10_V5_tf_spectrogram_entropy,0.008124260920486214,lead10,False
lead_9_V4_spec_spectral_entropy,0.00811439435583301,lead9,False
lead_7_V2_morph_qrs_amp_mean,0.008105964939403697,lead7,False
lead_11_V6_morph_t_slope_mean,0.007923719351845281,lead11,False
lead_6_V1_temp_zero_crossing_rate,0.007919015537462926,lead6,False
lead_1_II_tf_tf_centroid_freq,0.007869582454918778,lead1,False
lead_3_AVR_stat_cv,0.0077645068739438106,lead3,False
lead_8_V3_tf_tf_energy,0.007730928205532761,lead8,False
lead_4_AVL_tf_inst_freq_mean,0.0076425014018451694,lead4,False
lead_5_AVF_spec_spectral_centroid,0.0076176742452246145,lead5,False
lead_2_III_morph_st_segment_mean,0.007466077204772503,lead2,False
lead_2_III_spec_spectral_centroid,0.007350191134689199,lead2,False
lead_1_II_tf_inst_freq_mean,0.007284688352093482,lead1,False
lead_2_III_morph_area_qrs_mean,0.00722643280625368,lead2,False
lead_1_II_nonlin_fractal_dimension,0.007122975974346524,lead1,False
lead_11_V6_spec_spectral_entropy,0.0070332531734329075,lead11,False
lead_2_III_morph_t_amp_mean,0.007004278128300223,lead2,False
lead_10_V5_morph_area_t_mean,0.00698536686850173,lead10,False
lead_8_V3_morph_q_amp_mean,0.006948257988888607,lead8,False
lead_0_I_stat_kurtosis,0.006916690310805995,lead0,False
lead_4_AVL_spec_spectral_centroid,0.006905498933018306,lead4,False
lead_7_V2_stat_max,0.00681347088273454,lead7,False
lead_1_II_spec_spectral_skewness,0.0068087610604527175,lead1,False
lead_7_V2_morph_q_amp_mean,0.006710586906337568,lead7,False
lead_9_V4_temp_zero_crossing_rate,0.006634354790670427,lead9,False
lead_6_V1_morph_qrs_duration_mean,0.006631146412648859,lead6,False
lead_8_V3_morph_pr_interval_mean,0.0064681303788844515,lead8,False
lead_5_AVF_tf_wavelet_entropy,0.006366979801287221,lead5,False
lead_6_V1_tf_tf_centroid_time,0.006337168862277309,lead6,False
lead_9_V4_stat_range,0.006299685288630652,lead9,False
lead_10_V5_spec_spectral_bandwidth,0.006239364124437241,lead10,False
lead_5_AVF_stat_median,0.006225567757268502,lead5,False
lead_2_III_spec_spectral_flux,0.006217319886857897,lead2,False
lead_1_II_temp_zero_crossing_rate,0.006141007083742389,lead1,False
lead_4_AVL_morph_t_slope_mean,0.006125186337071309,lead4,False
lead_7_V2_morph_p_qrs_ratio,0.006120398192426846,lead7,False
lead_7_V2_stat_iqr,0.005971677656148389,lead7,False
lead_6_V1_tf_spectrogram_entropy,0.005968210606308144,lead6,False
lead_9_V4_tf_tf_centroid_time,0.0059182173609876095,lead9,False
lead_5_AVF_temp_zero_crossing_rate,0.0057818982779566765,lead5,False
lead_11_V6_morph_r_peak_amp_mean,0.005702971309294469,lead11,False
lead_0_I_tf_inst_freq_std,0.005698826503658072,lead0,False
lead_0_I_nonlin_dfa_alpha,0.005674889474599798,lead0,False
lead_2_III_tf_wavelet_entropy,0.005672744875427948,lead2,False
lead_10_V5_morph_area_qrs_mean,0.005593142340060364,lead10,False
lead_11_V6_morph_qrs_slope_mean,0.005503194683138313,lead11,False
lead_9_V4_nonlin_fractal_dimension,0.005451984592737746,lead9,False
lead_8_V3_morph_area_p_mean,0.005397425999354733,lead8,False
lead_1_II_spec_spectral_bandwidth,0.005383511952113462,lead1,False
lead_2_III_stat_mean,0.005372713778075733,lead2,False
lead_8_V3_tf_spectrogram_std,0.005125014091639413,lead8,False
lead_4_AVL_morph_p_qrs_ratio,0.005081517061060437,lead4,False
lead_7_V2_nonlin_dfa_alpha,0.004996488355241491,lead7,False
lead_5_AVF_stat_cv,0.00495227800284157,lead5,False
lead_0_I_morph_r_peak_amp_mean,0.004909746632742707,lead0,False
lead_0_I_tf_wavelet_entropy,0.004889778580202541,lead0,False
lead_8_V3_morph_qrs_slope_mean,0.004826769746016613,lead8,False
lead_5_AVF_spec_spectral_bandwidth,0.004744623536679704,lead5,False
lead_11_V6_morph_pr_interval_mean,0.004736964564416102,lead11,False
lead_5_AVF_nonlin_fractal_dimension,0.004683524819863605,lead5,False
lead_6_V1_morph_pr_interval_mean,0.004614065694688518,lead6,False
lead_5_AVF_spec_spectral_rolloff,0.004525262259696294,lead5,False
lead_3_AVR_tf_wavelet_entropy,0.0043410008732018834,lead3,False
lead_1_II_spec_spectral_centroid,0.004326999599447934,lead1,False
lead_2_III_stat_kurtosis,0.004232250995746112,lead2,False
lead_6_V1_stat_mad,0.004164786876620053,lead6,False
lead_4_AVL_spec_spectral_entropy,0.004007291798249879,lead4,False
lead_7_V2_morph_qt_interval_mean,0.004002954717090024,lead7,False
lead_11_V6_spec_spectral_bandwidth,0.0037053231295258726,lead11,False
lead_6_V1_spec_spectral_rolloff,0.003637970320543893,lead6,False
lead_11_V6_nonlin_fractal_dimension,0.003634853331752952,lead11,False
lead_7_V2_stat_mean,0.0036322054487293977,lead7,False
lead_6_V1_tf_inst_freq_mean,0.003561593929149609,lead6,False
lead_6_V1_morph_t_amp_mean,0.003435064153233114,lead6,False
lead_11_V6_morph_p_qrs_ratio,0.0034075395461365954,lead11,False
lead_8_V3_nonlin_fractal_dimension,0.00330684163268673,lead8,False
lead_5_AVF_morph_pr_interval_mean,0.0032476090759490537,lead5,False
lead_0_I_spec_spectral_entropy,0.003136852661433975,lead0,False
lead_10_V5_spec_spectral_rolloff,0.0030092870813156923,lead10,False
lead_2_III_morph_p_duration_mean,0.002926386253837743,lead2,False
lead_8_V3_tf_tf_centroid_freq,0.0029238223917032345,lead8,False
lead_1_II_morph_p_qrs_ratio,0.0029113368785697257,lead1,False
lead_11_V6_morph_qrs_duration_mean,0.0028967964678091374,lead11,False
lead_4_AVL_morph_st_segment_mean,0.002856536781506591,lead4,False
lead_9_V4_spec_spectral_skewness,0.0027022842655819446,lead9,False
lead_7_V2_morph_st_segment_mean,0.002673475385102364,lead7,False
lead_10_V5_tf_wavelet_energy,0.0026732794602617902,lead10,False
lead_3_AVR_stat_min,0.0026065258839151452,lead3,False
lead_9_V4_morph_q_amp_mean,0.002447530300570877,lead9,False
lead_8_V3_spec_spectral_bandwidth,0.0021867976734197382,lead8,False
lead_6_V1_morph_qrs_slope_mean,0.0021756090546666495,lead6,False
lead_10_V5_spec_spectral_skewness,0.001872890825213336,lead10,False
lead_0_I_morph_qrs_slope_mean,0.0017563767056302027,lead0,False
lead_6_V1_tf_wavelet_energy,0.0017115957692457329,lead6,False
lead_8_V3_stat_mad,0.0016126150383473537,lead8,False
lead_7_V2_stat_cv,0.0015854417005862764,lead7,False
lead_8_V3_stat_max,0.001544035428114432,lead8,False
lead_10_V5_tf_wavelet_entropy,0.001300076320153165,lead10,False
lead_11_V6_tf_inst_freq_std,0.001299144200294622,lead11,False
lead_8_V3_morph_p_qrs_ratio,0.001125573785577183,lead8,False
lead_1_II_spec_spectral_rolloff,0.0010934071236401,lead1,False
lead_7_V2_spec_spectral_bandwidth,0.0010389899931957825,lead7,False
lead_11_V6_tf_spectrogram_entropy,0.0010251618110478145,lead11,False
lead_8_V3_stat_range,0.000999280486055154,lead8,False
lead_4_AVL_morph_r_peak_amp_mean,0.0009153951355437506,lead4,False
lead_7_V2_morph_area_t_mean,0.0009013527086578321,lead7,False
lead_8_V3_morph_p_amp_mean,0.0008318897829694638,lead8,False
lead_1_II_stat_cv,0.0007772324798130282,lead1,False
lead_8_V3_tf_inst_freq_mean,0.0007608035793396084,lead8,False
lead_8_V3_stat_peak_to_peak,0.0007523669058082216,lead8,False
lead_9_V4_stat_peak_to_peak,0.0007363688150115788,lead9,False
lead_7_V2_morph_qrs_duration_mean,0.00047762020128807594,lead7,False
lead_8_V3_morph_qrs_duration_mean,0.0003115496979197996,lead8,False
lead_9_V4_spec_spectral_bandwidth,0.00027767113976446823,lead9,False
lead_6_V1_spec_spectral_energy,0.00022964785997827696,lead6,False
lead_11_V6_tf_tf_centroid_freq,0.0,lead11,False
lead_8_V3_tf_wavelet_entropy,0.0,lead8,False
lead_8_V3_stat_mean,0.0,lead8,False
lead_7_V2_tf_inst_freq_std,0.0,lead7,False
lead_8_V3_stat_cv,0.0,lead8,False
lead_4_AVL_tf_wavelet_entropy,0.0,lead4,False
lead_6_V1_spec_spectral_entropy,0.0,lead6,False
lead_9_V4_nonlin_dfa_alpha,0.0,lead9,False
lead_6_V1_spec_spectral_bandwidth,0.0,lead6,False
lead_6_V1_nonlin_fractal_dimension,0.0,lead6,False
lead_5_AVF_morph_r_peak_amp_mean,0.0,lead5,False
lead_3_AVR_tf_tf_centroid_time,0.0,lead3,False
lead_4_AVL_morph_qt_interval_mean,0.0,lead4,False
lead_3_AVR_temp_zero_crossing_rate,0.0,lead3,False
lead_2_III_nonlin_dfa_alpha,0.0,lead2,False
lead_1_II_spec_spectral_kurtosis,0.0,lead1,False
lead_1_II_tf_wavelet_entropy,0.0,lead1,False
lead_11_V6_temp_zero_crossing_rate,0.0,lead11,False
lead_11_V6_spec_spectral_flux,0.0,lead11,False
